,Mean,MCSE,StdDev,MAD,5%,50%,95%,ESS_bulk,ESS_tail,R_hat
lp__,-3146.66,0.288845,22.1827,20.7416,-3179.66,-3148.42,-3108.11,6789.47,6954.8,1.00033
"coefs[1,1]",2.23356,0.00136527,0.353617,0.333681,1.71866,2.19954,2.8615,77494.5,59551.8,1.00001
"coefs[1,2]",0.368536,0.000792541,0.207317,0.186412,0.0378586,0.365576,0.708149,71126.7,68622.3,1.00004
"coefs[1,3]",0.128167,0.000818463,0.177312,0.151107,-0.163195,0.132248,0.405094,51140.4,51276.2,1.00004
"coefs[1,4]",1.0733,0.00131603,0.335983,0.313767,0.596513,1.03531,1.68081,76474.6,58949.7,0.999986
"coefs[2,1]",3.04335,0.00155003,0.443396,0.426781,2.38505,3.00592,3.8314,92110.5,67638.1,0.999998
"coefs[2,2]",0.397922,0.00101956,0.264069,0.234204,-0.00782321,0.385895,0.845369,73752.6,59335.4,1.00002
"coefs[2,3]",0.336254,0.00134547,0.250042,0.213804,0.00523006,0.300277,0.791701,38005.9,47794.4,1.00003
"coefs[2,4]",0.789985,0.00124478,0.354505,0.333218,0.248941,0.770618,1.39867,88478.3,66680.0,1.0
"coefs[3,1]",1.72494,0.000759726,0.246348,0.241642,1.33845,1.71366,2.145,109562.0,83920.1,1.00002
"coefs[3,2]",0.465955,0.000637852,0.174285,0.162973,0.209653,0.450499,0.775467,80020.1,71476.7,1.00003
"coefs[3,3]",0.108101,0.000520774,0.135134,0.121372,-0.112241,0.108544,0.326382,68498.2,65533.6,1.00001
"coefs[3,4]",0.703823,0.000677963,0.218349,0.212589,0.363585,0.69358,1.07808,107844.0,78544.9,1.00006
"coefs[4,1]",1.31014,0.000582844,0.207446,0.205918,0.976578,1.30525,1.65873,128209.0,92961.9,1.00006
"coefs[4,2]",0.208271,0.000523856,0.164292,0.157471,-0.0649004,0.210213,0.474775,98673.5,88140.1,1.00001
"coefs[4,3]",-0.0717388,0.000556913,0.13778,0.129025,-0.309765,-0.0630083,0.139041,62758.1,71506.5,1.00007
"coefs[4,4]",-0.194421,0.000596987,0.208283,0.207767,-0.54733,-0.18913,0.137923,123661.0,84777.3,1.00001
"coefs[5,1]",0.56333,0.00052575,0.186195,0.18614,0.259302,0.562694,0.870588,125657.0,90259.6,0.999984
"coefs[5,2]",0.158248,0.000534268,0.155087,0.149532,-0.111297,0.167598,0.395872,87325.9,80401.3,1.00003
"coefs[5,3]",-0.0387791,0.000436854,0.122364,0.113744,-0.24628,-0.0342169,0.153301,79786.1,70743.6,1.00002
"coefs[5,4]",0.356572,0.000530937,0.177719,0.174887,0.0709256,0.353488,0.654224,112811.0,87358.1,1.00009
"coefs[6,1]",0.212074,0.000575913,0.179478,0.178146,-0.0801425,0.210321,0.510616,97258.4,90165.2,1.00003
"coefs[6,2]",-0.0215569,0.000623016,0.167726,0.166646,-0.310714,-0.0135242,0.239714,73112.2,85550.5,1.00005
"coefs[6,3]",-0.224231,0.000782634,0.146005,0.142937,-0.478742,-0.214892,-0.00132579,33957.5,44854.2,1.00004
"coefs[6,4]",0.0980627,0.000552702,0.174736,0.172953,-0.184532,0.0954679,0.389525,100409.0,90846.0,1.00001
"coefs[7,1]",2.24362,0.00123308,0.331515,0.316943,1.747,2.21823,2.82496,81465.0,60769.7,1.00001
"coefs[7,2]",0.375713,0.000856934,0.206181,0.183703,0.0545821,0.367327,0.722452,63137.2,53468.5,1.00003
"coefs[7,3]",0.293623,0.00116747,0.20316,0.174704,0.027353,0.262143,0.669416,32480.1,43605.7,1.00009
"coefs[7,4]",0.971825,0.00123865,0.311915,0.291762,0.520165,0.940549,1.52595,74331.9,53766.7,1.00002
"coefs[8,1]",2.29335,0.0010172,0.319739,0.313866,1.80533,2.27342,2.84851,105815.0,79300.5,1.00003
"coefs[8,2]",0.274355,0.000724829,0.201937,0.18422,-0.0692856,0.28299,0.588151,79589.2,72449.0,1.00003
"coefs[8,3]",0.194088,0.000735983,0.170411,0.152762,-0.0595104,0.182173,0.488407,55031.9,63521.7,1.00007
"coefs[8,4]",0.975797,0.00105977,0.301357,0.287661,0.530875,0.949672,1.51027,89322.8,69453.0,1.00002
"coefs[9,1]",0.862863,0.00046914,0.179675,0.178985,0.571127,0.861655,1.16073,147350.0,95172.9,1.00002
"coefs[9,2]",0.406353,0.000475661,0.142724,0.137387,0.188633,0.397159,0.655968,93578.9,78516.5,0.999999
"coefs[9,3]",-0.000374788,0.000421063,0.114178,0.106802,-0.194373,0.00414042,0.179117,75132.6,72886.5,1.00006
"coefs[9,4]",0.155581,0.000482207,0.170917,0.169713,-0.130009,0.158363,0.432697,126279.0,89809.0,1.0
"coefs[10,1]",2.61639,0.00117789,0.359405,0.349997,2.07257,2.5904,3.24692,101109.0,74568.5,1.00003
"coefs[10,2]",0.278744,0.000774234,0.213884,0.193152,-0.0858333,0.289424,0.610089,81284.9,65066.2,1.00006
"coefs[10,3]",0.101709,0.000750429,0.176519,0.154731,-0.196392,0.108982,0.373282,59260.8,56496.4,1.00001
"coefs[10,4]",0.648057,0.000957227,0.289899,0.276761,0.200027,0.634343,1.14548,97668.3,72039.9,1.00007
"coefs[11,1]",1.42737,0.000509889,0.201675,0.20233,1.10307,1.42396,1.76558,157821.0,92279.1,1.00002
"coefs[11,2]",0.267288,0.000411727,0.138843,0.131556,0.0332063,0.271556,0.488015,115090.0,84558.0,0.999996
"coefs[11,3]",0.0929622,0.000416099,0.113109,0.102825,-0.0816828,0.086755,0.287922,77094.9,68135.7,1.00005
"coefs[11,4]",0.340685,0.000463667,0.179356,0.176864,0.0447069,0.341916,0.631889,150098.0,91494.0,1.00003
"coefs[12,1]",1.76056,0.000609637,0.231148,0.229966,1.39191,1.75378,2.15088,146409.0,90142.1,1.00003
"coefs[12,2]",0.272653,0.000478899,0.153662,0.143843,0.011257,0.278118,0.51575,105337.0,78445.2,1.0
"coefs[12,3]",0.121,0.0004672,0.124181,0.113881,-0.0711277,0.114782,0.332734,72793.9,69082.7,1.00002
"coefs[12,4]",0.486422,0.00056065,0.200793,0.197117,0.161017,0.483862,0.821182,129350.0,92200.6,1.00001
"coefs[13,1]",2.3037,0.000916445,0.302374,0.296735,1.83654,2.28692,2.82663,115085.0,79211.7,1.00004
"coefs[13,2]",0.450734,0.000777362,0.203361,0.186916,0.149728,0.433288,0.809778,74588.7,66085.2,1.00004
"coefs[13,3]",0.202583,0.000700018,0.164667,0.14931,-0.0397602,0.188794,0.492216,58476.9,59971.6,1.00002
"coefs[13,4]",0.480311,0.000795613,0.260129,0.251172,0.0582434,0.478591,0.911707,108294.0,84057.7,1.0
"coefs[14,1]",0.780448,0.000448966,0.178053,0.177809,0.49067,0.779365,1.07481,157438.0,94423.8,1.00003
"coefs[14,2]",0.354378,0.000414881,0.13607,0.130007,0.140718,0.3487,0.588303,110598.0,82634.6,1.00003
"coefs[14,3]",-0.0349632,0.00047296,0.114472,0.106408,-0.23677,-0.026405,0.136689,61943.3,65720.4,1.00001
"coefs[14,4]",0.284326,0.00043487,0.163689,0.160706,0.0141568,0.285015,0.55349,141974.0,90951.6,1.00007
"coefs[15,1]",1.56736,0.00142921,0.334853,0.312228,1.08035,1.5371,2.15453,71947.0,46914.0,1.00005
"coefs[15,2]",0.489869,0.00127484,0.247954,0.221515,0.127626,0.469647,0.914815,49659.0,40037.5,1.00005
"coefs[15,3]",0.34523,0.00149623,0.243074,0.213964,0.0196943,0.312604,0.777715,31478.2,36459.1,1.00018
"coefs[15,4]",1.49499,0.00159077,0.36028,0.337173,0.971533,1.46114,2.13021,66389.4,44151.2,1.00003
"coefs[16,1]",1.51539,0.000539814,0.207887,0.206704,1.18075,1.51049,1.86426,149689.0,91968.8,1.00005
"coefs[16,2]",0.123494,0.000576029,0.164748,0.158912,-0.166587,0.135431,0.372051,84869.3,80296.5,1.00005
"coefs[16,3]",0.0103265,0.000446041,0.126277,0.116313,-0.201285,0.0128362,0.212816,80086.0,77367.4,1.00008
"coefs[16,4]",0.153056,0.000524902,0.193207,0.190531,-0.167999,0.156286,0.466808,136016.0,93220.3,1.0001
"coefs[17,1]",0.617055,0.000484592,0.183368,0.183106,0.317054,0.617182,0.917684,143266.0,93636.0,0.999993
"coefs[17,2]",0.230249,0.000438215,0.140408,0.135705,-0.006631,0.23406,0.454623,103604.0,86640.1,1.00002
"coefs[17,3]",0.0578439,0.000484438,0.119975,0.111521,-0.12127,0.0484066,0.270725,66122.4,64259.5,0.999999
"coefs[17,4]",0.154991,0.000452725,0.165379,0.164601,-0.119812,0.156892,0.423365,133419.0,92758.9,1.0
"coefs[18,1]",0.286939,0.000450306,0.17351,0.173584,0.0020837,0.287447,0.572364,148645.0,96907.3,1.00001
"coefs[18,2]",0.188663,0.000405028,0.138424,0.13463,-0.0454427,0.192157,0.410277,117680.0,91455.0,1.00001
"coefs[18,3]",-0.0861397,0.00045823,0.118132,0.113827,-0.288572,-0.0807875,0.0974132,67743.5,77486.7,1.00005
"coefs[18,4]",0.293641,0.000435217,0.162421,0.16158,0.0296732,0.291528,0.562823,139914.0,94063.7,1.00001
"coefs[19,1]",1.46481,0.000565801,0.209907,0.209091,1.12824,1.46008,1.81751,139422.0,91021.3,1.00001
"coefs[19,2]",0.351689,0.000438858,0.144896,0.136088,0.123342,0.346748,0.598262,111588.0,82799.0,1.00003
"coefs[19,3]",0.0874892,0.000385893,0.117198,0.10628,-0.0980626,0.0840291,0.284311,93460.1,72987.2,1.00004
"coefs[19,4]",0.333745,0.0005343,0.190433,0.187111,0.018997,0.33475,0.64515,127403.0,93439.8,1.00006
"coefs[20,1]",2.04046,0.00118118,0.314196,0.30119,1.57082,2.01625,2.59198,80323.3,61049.2,1.00001
"coefs[20,2]",0.447185,0.000848647,0.20312,0.181801,0.14666,0.430584,0.801636,66944.0,50678.2,1.00005
"coefs[20,3]",0.24645,0.000906489,0.181546,0.158129,-0.00230512,0.223568,0.572668,46223.9,45541.2,1.00006
"coefs[20,4]",1.02673,0.00121583,0.305852,0.290979,0.583716,0.995553,1.57215,73429.0,58042.8,1.0
"coefs[21,1]",1.01045,0.000504824,0.197681,0.196044,0.690322,1.00761,1.34148,154375.0,91335.4,1.00006
"coefs[21,2]",0.281456,0.000449836,0.146107,0.138974,0.0352456,0.284775,0.514893,106419.0,84499.3,1.00002
"coefs[21,3]",0.0771294,0.000407209,0.119556,0.111116,-0.115176,0.075586,0.274694,86538.9,80501.8,1.00004
"coefs[21,4]",0.717469,0.000528172,0.188251,0.186401,0.421018,0.709916,1.0396,129650.0,91463.7,1.00009
"coefs[22,1]",1.32723,0.000669315,0.232793,0.22984,0.957284,1.31954,1.72224,123553.0,87454.1,1.00003
"coefs[22,2]",0.897332,0.00121664,0.279712,0.286521,0.463264,0.883425,1.38146,50580.8,50317.6,1.00005
"coefs[22,3]",0.291194,0.000913791,0.193459,0.187951,0.0109098,0.272561,0.635864,44386.0,72900.8,1.00011
"coefs[22,4]",0.235728,0.000710422,0.229109,0.227036,-0.145725,0.238391,0.606581,104143.0,93906.8,1.00005
"coefs[23,1]",1.09438,0.000495718,0.198861,0.197972,0.770582,1.09187,1.42621,161548.0,95157.0,1.00005
"coefs[23,2]",0.60492,0.000721115,0.183308,0.18423,0.331396,0.590699,0.928847,64701.1,85376.1,1.00001
"coefs[23,3]",0.19472,0.000659087,0.143199,0.137076,-0.014373,0.181181,0.451,48287.0,71953.2,1.00005
"coefs[23,4]",0.232584,0.000534611,0.18758,0.185169,-0.0796617,0.235216,0.535839,123693.0,90731.9,0.999983
"coefs[24,1]",1.48632,0.000575269,0.211425,0.209061,1.14408,1.48316,1.83795,135894.0,92294.6,1.00002
"coefs[24,2]",0.237453,0.000495389,0.157778,0.150294,-0.0286624,0.241644,0.488693,102247.0,86926.4,1.00002
"coefs[24,3]",0.105231,0.00059134,0.136096,0.123985,-0.0988004,0.0943183,0.345557,55618.9,63760.1,1.00006
"coefs[24,4]",0.0979787,0.000555879,0.202568,0.201243,-0.240159,0.101418,0.42421,133200.0,93693.5,1.00005
"coefs[25,1]",1.80109,0.000649034,0.238842,0.235919,1.42339,1.79239,2.20598,138925.0,89915.4,0.99999
"coefs[25,2]",0.343915,0.000486839,0.152512,0.142722,0.0987081,0.341251,0.597624,99031.5,83456.2,1.00002
"coefs[25,3]",0.0740702,0.000470328,0.125377,0.112282,-0.138903,0.07835,0.269768,73013.0,64973.4,1.00005
"coefs[25,4]",0.56755,0.00056615,0.204681,0.200285,0.240289,0.562939,0.911367,132283.0,90864.3,1.00002
"coefs[26,1]",1.19898,0.000601205,0.218434,0.215652,0.847257,1.19427,1.56564,133314.0,89855.0,1.00008
"coefs[26,2]",0.294962,0.000570668,0.165392,0.157144,0.0150056,0.300579,0.556359,85264.2,77941.6,1.00002
"coefs[26,3]",0.162731,0.000606364,0.143713,0.132911,-0.049674,0.150213,0.417637,58438.9,68232.4,1.00009
"coefs[26,4]",0.909277,0.000688857,0.224981,0.223911,0.560514,0.897751,1.29728,110531.0,86374.5,1.0
"coefs[27,1]",2.98824,0.00156028,0.451591,0.436174,2.31847,2.94937,3.78651,93653.5,68398.2,1.00003
"coefs[27,2]",0.349444,0.000870513,0.245955,0.221455,-0.0508819,0.350144,0.750279,82034.0,74015.9,1.00003
"coefs[27,3]",0.169907,0.000837401,0.204943,0.178429,-0.162699,0.17103,0.497308,62116.6,61787.9,1.00005
"coefs[27,4]",0.861398,0.00121702,0.354064,0.331712,0.333448,0.834864,1.48095,93960.9,67382.5,1.00005
"coefs[28,1]",1.29546,0.000544616,0.205121,0.203101,0.965419,1.29094,1.63895,143297.0,91344.0,1.0
"coefs[28,2]",0.267866,0.000474855,0.145236,0.136586,0.0207928,0.273453,0.495896,95863.5,78380.1,1.00002
"coefs[28,3]",0.0265104,0.000461076,0.118808,0.106762,-0.180146,0.0343883,0.207224,71707.3,65883.3,1.00004
"coefs[28,4]",0.613107,0.000532282,0.18751,0.183947,0.317002,0.606719,0.931182,126711.0,89508.0,1.00003
"coefs[29,1]",1.29936,0.00062465,0.218795,0.216675,0.950732,1.29336,1.66826,125390.0,90057.8,1.00005
"coefs[29,2]",0.363836,0.00049788,0.153016,0.145151,0.11713,0.360982,0.619315,95417.5,84770.1,1.00003
"coefs[29,3]",0.0458106,0.000514409,0.130451,0.117526,-0.180405,0.053072,0.245964,67081.4,66816.7,1.00017
"coefs[29,4]",0.74844,0.000625479,0.207433,0.203069,0.425227,0.738308,1.10587,114094.0,86522.4,1.00007
"coefs[30,1]",1.24797,0.000523807,0.203091,0.201278,0.920183,1.24522,1.5873,151086.0,92103.7,1.00001
"coefs[30,2]",0.404742,0.000485833,0.149002,0.140686,0.179612,0.393896,0.666797,98479.3,79642.2,1.00001
"coefs[30,3]",0.0599959,0.000371945,0.113138,0.102666,-0.123396,0.0587905,0.246619,93320.3,76092.1,1.00008
"coefs[30,4]",0.249185,0.000508905,0.183902,0.181266,-0.0599124,0.253163,0.544722,131712.0,91841.0,1.00002
"coefs[31,1]",0.896347,0.000520569,0.189319,0.187446,0.587199,0.894891,1.21066,132599.0,92981.7,1.00002
"coefs[31,2]",0.362275,0.000453437,0.144896,0.136686,0.137239,0.354776,0.611917,104941.0,79891.4,0.999996
"coefs[31,3]",0.00497261,0.000403093,0.113525,0.103519,-0.185888,0.00858477,0.184103,81662.5,67660.3,1.00003
"coefs[31,4]",0.26073,0.000490915,0.175126,0.172504,-0.0305146,0.262474,0.544975,128008.0,91465.6,1.00019
"coefs[32,1]",3.36893,0.00245343,0.548535,0.507909,2.59485,3.30781,4.34266,65902.9,46638.3,1.00004
"coefs[32,2]",0.55033,0.00170926,0.345915,0.284848,0.0888155,0.50362,1.16894,55543.0,42441.6,1.0
"coefs[32,3]",0.229738,0.00116121,0.255296,0.217896,-0.154031,0.216055,0.655775,54952.5,49714.5,1.00006
"coefs[32,4]",0.773866,0.00166058,0.419063,0.382314,0.150677,0.744052,1.49093,79499.3,57851.7,1.00004
"coefs[33,1]",1.11615,0.000567817,0.204831,0.203517,0.782319,1.11433,1.45646,130255.0,94160.0,1.00002
"coefs[33,2]",0.358653,0.000488805,0.149642,0.140862,0.113817,0.356902,0.606423,94250.0,84736.0,1.00008
"coefs[33,3]",0.195118,0.000780447,0.144509,0.132263,-0.0033849,0.174911,0.463071,36528.1,53257.9,1.00007
"coefs[33,4]",0.643352,0.000579548,0.194249,0.191665,0.336515,0.636001,0.976173,114752.0,88232.3,1.00003
"coefs[34,1]",1.73884,0.000662718,0.233686,0.230841,1.37102,1.73107,2.1356,127634.0,88570.3,1.00007
"coefs[34,2]",0.0751463,0.000722013,0.190213,0.182927,-0.267027,0.0938056,0.350745,73730.5,71787.9,1.00002
"coefs[34,3]",-0.00737162,0.000520177,0.137312,0.12533,-0.242719,-0.000357845,0.204593,70460.7,74653.0,1.00004
"coefs[34,4]",0.209356,0.000581644,0.208832,0.206564,-0.137978,0.21251,0.546601,129595.0,92364.9,1.00002
"coefs[35,1]",1.84223,0.00063979,0.237083,0.234992,1.46493,1.83458,2.24366,140718.0,88779.2,1.0
"coefs[35,2]",0.283904,0.000496915,0.159655,0.149625,0.0197515,0.284625,0.543413,104425.0,82075.9,1.00008
"coefs[35,3]",0.0609191,0.000459952,0.130296,0.11789,-0.156119,0.0639149,0.268615,81082.3,69909.8,1.00007
"coefs[35,4]",0.248436,0.000629473,0.216921,0.211978,-0.119113,0.255622,0.592191,121125.0,85299.4,1.00002
"coefs[36,1]",0.86982,0.000661051,0.230327,0.227391,0.501655,0.864427,1.25784,123336.0,87793.0,0.999995
"coefs[36,2]",0.638225,0.000748537,0.205961,0.204058,0.319883,0.627748,0.993516,76673.7,83234.1,1.00006
"coefs[36,3]",0.11377,0.000659516,0.167695,0.158536,-0.161336,0.114404,0.38639,64408.4,76566.4,1.00005
"coefs[36,4]",1.07707,0.000668422,0.230882,0.229303,0.713408,1.06943,1.46901,122594.0,86852.1,1.00002
"coefs[37,1]",1.61401,0.000663045,0.228251,0.224525,1.25168,1.60583,2.00193,122062.0,82962.9,1.00006
"coefs[37,2]",0.547284,0.00081908,0.195517,0.185427,0.273098,0.522772,0.901982,60953.3,67658.3,1.00001
"coefs[37,3]",0.0990276,0.000530764,0.134767,0.120849,-0.122045,0.0991269,0.318371,65396.3,64466.2,1.00011
"coefs[37,4]",0.347498,0.000632278,0.205882,0.200888,0.00449939,0.350614,0.679285,107377.0,85287.0,0.999998
"coefs[38,1]",0.35389,0.00058581,0.192249,0.191375,0.0358336,0.354513,0.667967,107871.0,92249.9,0.999998
"coefs[38,2]",0.441275,0.000552918,0.157372,0.154694,0.196534,0.433565,0.71016,82475.3,84838.6,1.00005
"coefs[38,3]",0.154361,0.000709096,0.14443,0.137718,-0.0539732,0.138586,0.416708,43688.5,67062.5,1.00005
"coefs[38,4]",0.285679,0.000502145,0.172044,0.171067,0.00118555,0.287548,0.564975,117802.0,91992.4,1.00003
"coefs[39,1]",1.9434,0.00078258,0.257245,0.252969,1.54196,1.93179,2.38497,112721.0,81256.7,1.00003
"coefs[39,2]",0.185581,0.000615536,0.184742,0.176127,-0.124443,0.190613,0.48008,90707.2,84100.6,1.00007
"coefs[39,3]",-0.0546784,0.000701237,0.161269,0.148422,-0.3392,-0.0401029,0.183101,56337.1,60321.6,1.00007
"coefs[39,4]",-0.0808635,0.000759398,0.246988,0.243877,-0.502648,-0.0695686,0.305491,109922.0,81588.9,1.00006
"coefs[40,1]",2.11922,0.00106012,0.306068,0.296646,1.65519,2.09807,2.65299,91194.1,69441.2,1.00001
"coefs[40,2]",0.319423,0.0006969,0.188227,0.172009,0.00761845,0.323928,0.617689,75996.9,65818.4,1.00014
"coefs[40,3]",0.0857417,0.00073266,0.163717,0.140785,-0.196524,0.0960287,0.329511,54009.6,52617.2,1.00011
"coefs[40,4]",0.94144,0.00100699,0.28211,0.270088,0.52566,0.917299,1.4393,87906.9,68289.4,1.00001
"coefs[41,1]",0.368612,0.000473142,0.175078,0.174168,0.0816037,0.368478,0.658285,137004.0,95458.7,1.00003
"coefs[41,2]",0.259873,0.000439653,0.148061,0.144793,0.0207475,0.257331,0.507605,113893.0,91893.3,1.00002
"coefs[41,3]",-0.0978002,0.000486159,0.128869,0.125342,-0.312326,-0.0958421,0.110193,70324.5,84100.3,1.00006
"coefs[41,4]",-0.399114,0.000489656,0.176736,0.176439,-0.694871,-0.39578,-0.113897,131324.0,93541.5,1.00005
"coefs[42,1]",-0.0913506,0.000465311,0.172229,0.171832,-0.375532,-0.0908309,0.190918,137211.0,92674.3,1.00003
"coefs[42,2]",0.014683,0.00051094,0.154662,0.154659,-0.24637,0.0191533,0.260501,92270.8,90969.0,1.00004
"coefs[42,3]",-0.215467,0.000628122,0.138098,0.136477,-0.450778,-0.210116,0.00170768,47323.2,51281.4,1.00006
"coefs[42,4]",-0.0378471,0.000446169,0.164315,0.164483,-0.306149,-0.0383952,0.233406,135767.0,94814.2,0.999992
"coefs[43,1]",0.592743,0.000515507,0.17738,0.176478,0.304041,0.590666,0.887677,118863.0,90303.4,1.00001
"coefs[43,2]",0.161652,0.000475111,0.14557,0.140533,-0.0852219,0.166941,0.391429,95030.4,86233.7,1.00002
"coefs[43,3]",-0.154784,0.00075565,0.136331,0.130284,-0.400453,-0.140898,0.0427276,32264.9,66399.6,1.0001
"coefs[43,4]",0.227957,0.000479753,0.166267,0.164655,-0.0428738,0.225843,0.502864,120976.0,89429.8,1.00005
"coefs[44,1]",1.55819,0.00057903,0.222607,0.221271,1.2015,1.55279,1.93279,149527.0,89740.9,1.00001
"coefs[44,2]",0.309275,0.000434556,0.144365,0.134854,0.071278,0.309995,0.544356,111222.0,85430.1,1.00002
"coefs[44,3]",0.0633859,0.000395663,0.11544,0.103575,-0.129726,0.0661343,0.246623,86610.8,68883.1,1.00006
"coefs[44,4]",0.484272,0.000515361,0.191491,0.187305,0.174526,0.482071,0.801661,138909.0,91864.8,1.0
"coefs[45,1]",1.13837,0.000488236,0.191187,0.189158,0.826999,1.13502,1.45893,154278.0,92136.9,1.00004
"coefs[45,2]",0.228786,0.000436041,0.138606,0.13228,-0.00907167,0.235227,0.445202,103698.0,83973.2,1.00002
"coefs[45,3]",-0.0107207,0.000418572,0.114577,0.105313,-0.210284,-0.00291118,0.163065,78140.3,73748.4,1.00004
"coefs[45,4]",0.399384,0.000470958,0.17361,0.17137,0.118863,0.396942,0.689066,136513.0,93502.4,1.00002
"coefs[46,1]",1.59033,0.000625434,0.22808,0.226148,1.22607,1.58492,1.97388,135169.0,89082.6,1.00001
"coefs[46,2]",0.371138,0.000513327,0.156534,0.145038,0.121682,0.367045,0.634302,94936.7,77638.3,1.00001
"coefs[46,3]",0.184519,0.00062769,0.137972,0.125135,-0.0125302,0.169692,0.432397,52176.0,61231.0,1.00004
"coefs[46,4]",0.734954,0.000640776,0.211995,0.207593,0.404457,0.724751,1.10019,114272.0,82233.8,1.00004
"coefs[47,1]",3.45889,0.0039649,0.668439,0.580794,2.57725,3.36456,4.63971,55373.8,35825.8,1.0001
"coefs[47,2]",0.389201,0.00159335,0.312789,0.264861,-0.0896327,0.3812,0.89495,57139.2,50932.0,1.00016
"coefs[47,3]",0.295033,0.00158399,0.273061,0.224956,-0.0844275,0.271601,0.755979,44515.7,42939.4,1.00003
"coefs[47,4]",1.19086,0.00358935,0.565402,0.45747,0.481611,1.10356,2.1813,56222.4,35503.1,1.00007
"coefs[48,1]",2.08512,0.00077599,0.271122,0.268024,1.65937,2.07416,2.54756,126865.0,83907.8,1.00015
"coefs[48,2]",0.0733109,0.00100036,0.232875,0.216061,-0.356736,0.105591,0.395506,58500.1,65769.8,1.00007
"coefs[48,3]",0.119205,0.000684804,0.15783,0.140366,-0.130608,0.114517,0.384133,53174.1,66139.1,1.00011
"coefs[48,4]",0.673786,0.000832992,0.250326,0.242189,0.284973,0.661593,1.10201,94268.0,77882.0,1.00002
"L_Omega[1,1]",1.0,,0.0,0.0,1.0,1.0,1.0,,,
"L_Omega[1,2]",0.0,,0.0,0.0,0.0,0.0,0.0,,,
"L_Omega[1,3]",0.0,,0.0,0.0,0.0,0.0,0.0,,,
"L_Omega[1,4]",0.0,,0.0,0.0,0.0,0.0,0.0,,,
"L_Omega[2,1]",0.131531,0.000974404,0.222645,0.229741,-0.244812,0.136292,0.490363,51954.1,72498.8,1.00003
"L_Omega[2,2]",0.964867,0.000193932,0.0464787,0.0232813,0.869169,0.982897,0.999848,67789.1,73960.0,1.00007
"L_Omega[2,3]",0.0,,0.0,0.0,0.0,0.0,0.0,,,
"L_Omega[2,4]",0.0,,0.0,0.0,0.0,0.0,0.0,,,
"L_Omega[3,1]",0.387244,0.00124659,0.231682,0.235566,-0.0228414,0.404963,0.736724,32946.0,44362.9,1.00011
"L_Omega[3,2]",0.390812,0.00167125,0.248919,0.25241,-0.0541029,0.413262,0.761506,21306.3,31687.0,1.00043
"L_Omega[3,3]",0.74724,0.00120019,0.152654,0.159182,0.465943,0.76719,0.960913,17968.6,18937.1,1.00045
"L_Omega[3,4]",0.0,,0.0,0.0,0.0,0.0,0.0,,,
"L_Omega[4,1]",0.435174,0.000555567,0.156908,0.157488,0.1576,0.447413,0.670835,78596.3,90014.3,1.00008
"L_Omega[4,2]",0.0823267,0.00108242,0.213744,0.220452,-0.266163,0.0809533,0.436275,38928.9,55848.0,1.00002
"L_Omega[4,3]",0.260168,0.00156074,0.272089,0.277236,-0.218958,0.27745,0.676023,28580.0,30895.2,1.00027
"L_Omega[4,4]",0.759905,0.000746245,0.119851,0.115249,0.5386,0.775114,0.927137,31138.8,27783.1,1.00006
tau[1],0.722605,0.000340505,0.103155,0.10015,0.568396,0.714333,0.904745,92803.6,93725.5,1.0
tau[2],0.197712,0.000323682,0.0491988,0.0477501,0.122196,0.195161,0.28234,22092.6,25750.3,1.00019
tau[3],0.157445,0.000449785,0.046665,0.0452334,0.0846427,0.155394,0.237091,10302.2,10860.6,1.00019
tau[4],0.383395,0.000260754,0.0656986,0.0640424,0.284743,0.378604,0.498743,62309.5,82583.7,1.00001
beta0[1],1.44291,0.000392023,0.127547,0.126399,1.23482,1.44223,1.65351,105970.0,96204.3,1.00003
beta0[2],0.316241,0.000227174,0.0514376,0.0508576,0.232478,0.315774,0.401308,51317.7,77642.6,1.00003
beta0[3],0.0760249,0.000238229,0.0471467,0.046871,-0.000397476,0.0756756,0.154059,39191.9,64375.7,1.00004
beta0[4],0.468991,0.000259956,0.0754134,0.0741515,0.346755,0.46818,0.594332,84283.3,90920.8,0.999995
condition_beta[1],0.297565,0.641773,19.1278,1.49731,-6.44904,0.000270767,6.62051,7827.15,5113.52,1.00062
condition_beta[2],-0.107283,0.260957,15.7393,1.48514,-6.4075,0.00158245,6.32752,30183.7,11575.0,1.00015
condition_beta[3],0.336055,0.361477,18.972,1.50672,-6.3982,0.0116194,6.61954,37936.1,13665.5,1.00038
condition_beta[4],-0.710789,0.991475,25.128,1.49256,-6.40724,-0.00205263,6.40401,15650.1,6898.15,1.00044
"Sigma[1,1]",0.532799,0.000516146,0.155306,0.142084,0.323074,0.510272,0.818564,92803.7,93725.5,1.00001
"Sigma[1,2]",0.0190902,0.000148548,0.0345872,0.0312409,-0.0349571,0.0177615,0.0775097,54095.2,80983.2,1.00004
"Sigma[1,3]",0.0443423,0.000158739,0.0320275,0.0293112,-0.0022242,0.0415416,0.101137,40079.3,70668.1,1.00005
"Sigma[1,4]",0.12428,0.000245399,0.0628138,0.0571841,0.0367182,0.116767,0.237892,67770.7,76646.7,1.00004
"Sigma[2,1]",0.0190902,0.000148548,0.0345872,0.0312409,-0.0349571,0.0177615,0.0775097,54095.2,80983.2,1.00004
"Sigma[2,2]",0.0415107,0.000125693,0.0205983,0.0183372,0.0149319,0.0380881,0.0797164,22092.6,25750.3,1.00019
"Sigma[2,3]",0.0144472,6.74708e-05,0.0109936,0.00962084,-8.18036e-05,0.0128231,0.0346242,25057.0,52716.1,1.00028
"Sigma[2,4]",0.00947571,8.61958e-05,0.0184586,0.0165515,-0.0204262,0.00938999,0.0395446,45445.3,72365.5,1.00003
"Sigma[3,1]",0.0443423,0.000158739,0.0320275,0.0293112,-0.0022242,0.0415416,0.101137,40079.3,70668.1,1.00005
"Sigma[3,2]",0.0144472,6.74708e-05,0.0109936,0.00962084,-8.18036e-05,0.0128231,0.0346242,25057.0,52716.1,1.00028
"Sigma[3,3]",0.0269665,0.000133574,0.015621,0.0137783,0.00716438,0.0241473,0.0562124,10302.2,10860.6,1.00019
"Sigma[3,4]",0.0257412,0.00010338,0.0181493,0.0163911,0.000417014,0.0236294,0.058446,29764.6,64292.8,1.00017
"Sigma[4,1]",0.12428,0.000245399,0.0628138,0.0571841,0.0367182,0.116767,0.237892,67770.7,76646.7,1.00004
"Sigma[4,2]",0.00947571,8.61958e-05,0.0184586,0.0165515,-0.0204262,0.00938999,0.0395446,45445.3,72365.5,1.00003
"Sigma[4,3]",0.0257412,0.00010338,0.0181493,0.0163911,0.000417014,0.0236294,0.058446,29764.6,64292.8,1.00017
"Sigma[4,4]",0.151308,0.000206991,0.0528554,0.0479977,0.0810786,0.143341,0.248745,62309.5,82583.7,1.0
